sub,group,hemi,roi,cond,roi_size,mean_act,volume,sum_selec,sum_selec_norm
sub-109,patient,left,hemi,word,629139,4.202547,6119.0,25715.385,40.8739320970803
sub-109,patient,left,hemi,face,629139,3.4168413,2289.0,7821.15,12.43151338947951
sub-109,patient,left,hemi,tool,629139,2.9918506,1406.0,4206.542,6.686188572298808
sub-109,patient,left,hemi,space,629139,3.137743,4207.0,13200.484,20.981824962369206
sub-109,patient,left,dorsal_visual_cortex,word,68231,4.4155726,958.0,4230.1187,61.99701971748545
sub-109,patient,left,dorsal_visual_cortex,face,68231,3.7116408,258.0,957.60333,14.034725161869696
sub-109,patient,left,dorsal_visual_cortex,tool,68231,2.9587662,516.0,1526.7234,22.375802621563146
sub-109,patient,left,dorsal_visual_cortex,space,68231,3.1307633,1268.0,3969.8079,58.181880103297985
sub-109,patient,left,ventral_visual_cortex,word,46886,4.6857324,1574.0,7375.343,157.30373189091625
sub-109,patient,left,ventral_visual_cortex,face,46886,3.5778465,1052.0,3763.8945,80.27757819498358
sub-109,patient,left,ventral_visual_cortex,tool,46886,3.028367,553.0,1674.687,35.71827436161647
sub-109,patient,left,ventral_visual_cortex,space,46886,3.2764852,538.0,1762.749,37.59648985704688
sub-hemispace1002,patient,left,hemi,word,684317,3.5144668,11161.0,39224.965,57.31987491725326
sub-hemispace1002,patient,left,hemi,face,684317,3.6945455,7423.0,27424.611,40.075887824100526
sub-hemispace1002,patient,left,hemi,tool,684317,2.9290335,1318.0,3860.4663,5.641342109861
sub-hemispace1002,patient,left,hemi,space,684317,2.8568509,370.0,1057.0348,1.5446566284909808
sub-hemispace1002,patient,left,dorsal_visual_cortex,word,72044,3.378103,2635.0,8901.302,123.55368605036506
sub-hemispace1002,patient,left,dorsal_visual_cortex,face,72044,3.3156085,913.0,3027.1506,42.018081099961485
sub-hemispace1002,patient,left,dorsal_visual_cortex,tool,72044,2.863418,223.0,638.54224,8.863225755484494
sub-hemispace1002,patient,left,dorsal_visual_cortex,space,72044,2.7300222,60.0,163.80133,2.273629040120013
sub-hemispace1002,patient,left,ventral_visual_cortex,word,53037,3.9779654,3061.0,12176.552,229.58598257466485
sub-hemispace1002,patient,left,ventral_visual_cortex,face,53037,4.027352,3474.0,13991.0205,263.7973585951788
sub-hemispace1002,patient,left,ventral_visual_cortex,tool,53037,3.072608,442.0,1358.0928,25.60651570483813
sub-hemispace1002,patient,left,ventral_visual_cortex,space,53037,2.8403373,22.0,62.48742,1.1781854012937756
sub-hemispace1004,patient,left,hemi,word,613618,2.9970548,3224.0,9662.505,15.746775490309117
sub-hemispace1004,patient,left,hemi,face,613618,3.0068188,2214.0,6657.0967,10.848926660703402
sub-hemispace1004,patient,left,hemi,tool,613618,3.1515865,3792.0,11950.816,19.475987350843685
sub-hemispace1004,patient,left,hemi,space,613618,3.753898,11086.0,41615.71,67.82022518488702
sub-hemispace1004,patient,left,dorsal_visual_cortex,word,65850,2.8302958,92.0,260.3872,3.9542476390470767
sub-hemispace1004,patient,left,dorsal_visual_cortex,face,65850,2.8928463,78.0,225.64201,3.4266061283189777
sub-hemispace1004,patient,left,dorsal_visual_cortex,tool,65850,3.1403751,2221.0,6974.7734,105.91911066818527
sub-hemispace1004,patient,left,dorsal_visual_cortex,space,65850,3.8351388,6370.0,24429.834,370.9921637718299
sub-hemispace1004,patient,left,ventral_visual_cortex,word,47160,2.9651227,129.0,382.50082,8.110704494796636
sub-hemispace1004,patient,left,ventral_visual_cortex,face,47160,3.8113427,257.0,979.5151,20.77003977276492
sub-hemispace1004,patient,left,ventral_visual_cortex,tool,47160,3.4879518,757.0,2640.3794,55.987688603291986
sub-hemispace1004,patient,left,ventral_visual_cortex,space,47160,3.540519,2241.0,7934.303,168.24222270263465
sub-hemispace1007,patient,left,hemi,word,565541,4.0956683,3610.0,14785.362,26.14374962149075
sub-hemispace1007,patient,left,hemi,face,565541,3.4262452,5019.0,17196.324,30.40685683045084
sub-hemispace1007,patient,left,hemi,tool,565541,3.0731103,926.0,2845.7002,5.031819435394604
sub-hemispace1007,patient,left,hemi,space,565541,3.05359,6585.0,20107.89,35.555142111712506
sub-hemispace1007,patient,left,dorsal_visual_cortex,word,60668,4.0628114,1177.0,4781.9287,78.8212683941699
sub-hemispace1007,patient,left,dorsal_visual_cortex,face,60668,3.4259777,1308.0,4481.1787,73.86395976359036
sub-hemispace1007,patient,left,dorsal_visual_cortex,tool,60668,2.9591663,25.0,73.97916,1.2194098452914324
sub-hemispace1007,patient,left,dorsal_visual_cortex,space,60668,3.1210117,2431.0,7587.1797,125.06065285653062
sub-hemispace1007,patient,left,ventral_visual_cortex,word,40971,3.3059993,509.0,1682.7537,41.071823048238386
sub-hemispace1007,patient,left,ventral_visual_cortex,face,40971,3.780639,1691.0,6393.0605,156.03867484013082
sub-hemispace1007,patient,left,ventral_visual_cortex,tool,40971,3.1735384,34.0,107.90031,2.6335775719816494
sub-hemispace1007,patient,left,ventral_visual_cortex,space,40971,2.9143987,386.0,1124.9579,27.457418313982757
sub-108,patient,right,hemi,word,606999,3.7357824,14166.0,52921.094,87.1848120837102
sub-108,patient,right,hemi,face,606999,3.5739343,5981.0,21375.701,35.215381198115644
sub-108,patient,right,hemi,tool,606999,2.9357984,2136.0,6270.865,10.330931738561349
sub-108,patient,right,hemi,space,606999,3.0265596,2659.0,8047.622,13.258048316904146
sub-108,patient,right,dorsal_visual_cortex,word,65057,3.1482275,1047.0,3296.194,50.66624793330272
sub-108,patient,right,dorsal_visual_cortex,face,65057,3.585862,633.0,2269.8506,34.89018223922868
sub-108,patient,right,dorsal_visual_cortex,tool,65057,3.037723,195.0,592.356,9.105184961901198
sub-108,patient,right,dorsal_visual_cortex,space,65057,3.034528,1539.0,4670.1387,71.78533704097944
sub-108,patient,right,ventral_visual_cortex,word,45224,3.7732062,1908.0,7199.2773,159.19152095679283
sub-108,patient,right,ventral_visual_cortex,face,45224,4.0951853,2162.0,8853.791,195.77638014383956
sub-108,patient,right,ventral_visual_cortex,tool,45224,2.9201908,25.0,73.00477,1.614292596222847
sub-108,patient,right,ventral_visual_cortex,space,45224,3.0655608,242.0,741.8657,16.404248245538874
sub-hemispace1001,patient,right,hemi,word,163222,3.5756104,16147.951457977295,13665.983,83.72635673155274
sub-hemispace1001,patient,right,hemi,face,163222,4.0074096,3181.425287246704,3017.5793,18.487577322316383
sub-hemispace1001,patient,right,hemi,space,163222,4.289235,29617.252674102783,30067.54,184.21253913381776
sub-hemispace1001,patient,right,dorsal_visual_cortex,word,17033,3.2875686,3933.4753551483154,3060.7263,179.6939070251497
sub-hemispace1001,patient,right,dorsal_visual_cortex,face,17033,4.026768,692.9000625610352,660.39,38.77120968992177
sub-hemispace1001,patient,right,dorsal_visual_cortex,space,17033,4.484299,15805.726427078247,16775.764,984.8977673853697
sub-hemispace1001,patient,right,ventral_visual_cortex,word,11604,3.4324827,1009.7750911712646,820.36334,70.69659964539436
sub-hemispace1001,patient,right,ventral_visual_cortex,face,11604,3.4234972,566.1500511169434,458.74863,39.53366310832337
sub-hemispace1001,patient,right,ventral_visual_cortex,space,11604,3.824757,1791.400161743164,1621.697,139.7532765843136
sub-hemispace1003,patient,right,hemi,word,619524,3.2704122,17550.0,57395.734,92.64489249004073
sub-hemispace1003,patient,right,hemi,face,619524,3.0355523,1330.0,4037.2847,6.516752648757352
sub-hemispace1003,patient,right,hemi,tool,619524,2.9794734,4040.0,12037.072,19.429549566481686
sub-hemispace1003,patient,right,hemi,space,619524,2.9612749,1540.0,4560.3633,7.361076053954326
sub-hemispace1003,patient,right,dorsal_visual_cortex,word,66200,3.1608686,2791.0,8821.984,133.26260385196375
sub-hemispace1003,patient,right,dorsal_visual_cortex,face,66200,2.9728496,209.0,621.32556,9.38558250035404
sub-hemispace1003,patient,right,dorsal_visual_cortex,tool,66200,3.0226095,1729.0,5226.092,78.94398484705438
sub-hemispace1003,patient,right,dorsal_visual_cortex,space,66200,3.0220673,541.0,1634.9385,24.69695583931269
sub-hemispace1003,patient,right,ventral_visual_cortex,word,49967,3.5793307,2903.0,10390.797,207.9531866031581
sub-hemispace1003,patient,right,ventral_visual_cortex,face,49967,3.2176585,577.0,1856.589,37.156302945100016
sub-hemispace1003,patient,right,ventral_visual_cortex,tool,49967,2.9996026,282.0,845.88794,16.92893188410601
sub-hemispace1003,patient,right,ventral_visual_cortex,space,49967,3.0106494,242.0,728.57715,14.581166538665519
sub-hemispace1006,patient,right,hemi,word,652505,3.6893167,4236.0,15627.945,23.9506905119501
sub-hemispace1006,patient,right,hemi,face,652505,3.6931329,3013.0,11127.409,17.053369981360298
sub-hemispace1006,patient,right,hemi,tool,652505,3.0419586,1398.0,4252.658,6.517433894184719
sub-hemispace1006,patient,right,hemi,space,652505,2.8532858,407.0,1161.2874,1.7797370955251302
sub-hemispace1006,patient,right,dorsal_visual_cortex,word,68461,3.3741536,407.0,1373.2805,20.05931139741057
sub-hemispace1006,patient,right,dorsal_visual_cortex,face,68461,2.8657453,167.0,478.57947,6.990541589714399
sub-hemispace1006,patient,right,dorsal_visual_cortex,tool,68461,3.0394347,484.0,1471.0864,21.487948259319175
sub-hemispace1006,patient,right,dorsal_visual_cortex,space,68461,2.8173187,105.0,295.81845,4.320977650454045
sub-hemispace1006,patient,right,ventral_visual_cortex,word,47221,3.6108441,784.0,2830.9019,59.95006152916605
sub-hemispace1006,patient,right,ventral_visual_cortex,face,47221,3.2694507,904.0,2955.5835,62.59044696414201
sub-hemispace1006,patient,right,ventral_visual_cortex,tool,47221,3.1286592,514.0,1608.1309,34.05541727991783
sub-hemispace1006,patient,right,ventral_visual_cortex,space,47221,2.8820584,38.0,109.51822,2.319269371553771
sub-025,control,left,hemi,word,782310,4.1466174,10144.0,42063.29,53.768057499584565
sub-025,control,left,hemi,face,782310,3.9668164,7699.0,30540.52,39.038897024517134
sub-025,control,left,dorsal_visual_cortex,word,82693,4.0139117,2066.0,8292.741,100.28347273575152
sub-025,control,left,dorsal_visual_cortex,face,82693,3.447043,693.0,2388.8008,28.887581551642825
sub-025,control,left,ventral_visual_cortex,word,60478,4.9266405,3230.0,15913.049,263.121280930669
sub-025,control,left,ventral_visual_cortex,face,60478,4.59233,3862.0,17735.578,293.2566904494196
sub-025,control,right,hemi,word,768737,4.0769634,8302.0,33846.95,44.02929638972756
sub-025,control,right,hemi,face,768737,4.3448973,16725.0,72668.41,94.52960667952759
sub-025,control,right,dorsal_visual_cortex,word,77773,3.567327,1945.0,6938.451,89.2141382211693
sub-025,control,right,dorsal_visual_cortex,face,77773,3.4223619,962.0,3292.312,42.33232627928394
sub-025,control,right,ventral_visual_cortex,word,57938,4.466137,1441.0,6435.703,111.07913847561187
sub-025,control,right,ventral_visual_cortex,face,57938,5.0291667,5865.0,29496.062,509.0970088715524
sub-038,control,left,hemi,word,707532,3.5013359,4173.0,14611.074,20.650760981482108
sub-038,control,left,hemi,face,707532,3.3256454,4863.0,16172.614,22.857784888616347
sub-038,control,left,dorsal_visual_cortex,word,76035,3.437089,755.0,2595.0022,34.129048428560864
sub-038,control,left,dorsal_visual_cortex,face,76035,3.0357108,480.0,1457.1412,19.164085425811304
sub-038,control,left,ventral_visual_cortex,word,52124,3.9057643,754.0,2944.9463,56.498854444449776
sub-038,control,left,ventral_visual_cortex,face,52124,3.719518,362.0,1346.4655,25.831967118823624
sub-038,control,right,hemi,word,699009,3.7897208,1206.0,4570.4033,6.538404112554344
sub-038,control,right,hemi,face,699009,3.268839,2811.0,9188.706,13.145332970945296
sub-038,control,right,dorsal_visual_cortex,word,73592,3.1213622,184.0,574.3306,7.804253552579169
sub-038,control,right,dorsal_visual_cortex,face,73592,2.823287,40.0,112.93148,1.5345619144433478
sub-038,control,right,ventral_visual_cortex,word,52136,3.6710484,384.0,1409.6826,27.03856485322042
sub-038,control,right,ventral_visual_cortex,face,52136,3.3361952,743.0,2478.793,47.54474775107411
sub-057,control,left,hemi,word,732882,3.8896847,2663.0,10358.23,14.133558292808392
sub-057,control,left,hemi,face,732882,3.9030085,4053.0,15818.894,21.584502764002256
sub-057,control,left,dorsal_visual_cortex,word,78135,3.9603775,708.0,2803.9473,35.8859316007551
sub-057,control,left,dorsal_visual_cortex,face,78135,3.6272507,842.0,3054.145,39.08805297921866
sub-057,control,left,ventral_visual_cortex,word,56224,3.850679,838.0,3226.869,57.39308651971356
sub-057,control,left,ventral_visual_cortex,face,56224,4.326405,2129.0,9210.916,163.82534176908436
sub-057,control,right,hemi,word,721843,3.9270823,2702.0,10610.977,14.699839940956691
sub-057,control,right,hemi,face,721843,4.21429,7110.0,29963.602,41.50985957126411
sub-057,control,right,dorsal_visual_cortex,word,74819,4.000173,995.0,3980.1724,53.19734777638367
sub-057,control,right,dorsal_visual_cortex,face,74819,4.613493,2465.0,11372.26,151.99694951315843
sub-057,control,right,ventral_visual_cortex,word,53503,3.8361423,448.0,1718.5918,32.12140995598377
sub-057,control,right,ventral_visual_cortex,face,53503,4.3095655,2781.0,11984.901,224.0042869967572
sub-064,control,left,hemi,word,675009,3.8081253,11067.0,42144.523,62.43549854520458
sub-064,control,left,hemi,face,675009,3.4774432,2305.0,8015.507,11.874666613241454
sub-064,control,left,dorsal_visual_cortex,word,73745,4.201329,3591.0,15086.973,204.58299079598615
sub-064,control,left,dorsal_visual_cortex,face,73745,3.8132794,992.0,3782.7732,51.29531755860567
sub-064,control,left,ventral_visual_cortex,word,50688,3.9871306,2234.0,8907.25,175.7269965277778
sub-064,control,left,ventral_visual_cortex,face,50688,3.4600782,633.0,2190.2295,43.21001996897688
sub-064,control,right,hemi,word,665909,3.8774977,6791.0,26332.086,39.543069604855916
sub-064,control,right,hemi,face,665909,3.813644,4183.0,15952.473,23.955934904393843
sub-064,control,right,dorsal_visual_cortex,word,67163,3.143006,1871.0,5880.5645,87.55660785142116
sub-064,control,right,dorsal_visual_cortex,face,67163,3.481996,640.0,2228.4775,33.18013696622396
sub-064,control,right,ventral_visual_cortex,word,48275,3.8111353,656.0,2500.1047,51.78880862409373
sub-064,control,right,ventral_visual_cortex,face,48275,3.5621715,1091.0,3886.329,80.50396896038323
sub-068,control,left,hemi,word,686378,3.535273,6783.0,23979.758,34.936664363513984
sub-068,control,left,hemi,face,686378,3.2334032,4444.0,14369.244,20.934884481473766
sub-068,control,left,dorsal_visual_cortex,word,72819,3.2853475,2417.0,7940.6846,109.04687746759087
sub-068,control,left,dorsal_visual_cortex,face,72819,3.04869,1352.0,4121.829,56.603758655879645
sub-068,control,left,ventral_visual_cortex,word,49580,3.5234911,1384.0,4876.5117,98.35642837333603
sub-068,control,left,ventral_visual_cortex,face,49580,3.343794,1386.0,4634.4985,93.47516206446652
sub-068,control,right,hemi,word,675358,3.5939379,4656.0,16733.375,24.77704417508936
sub-068,control,right,hemi,face,675358,3.3780308,5961.0,20136.441,29.815951549030295
sub-068,control,right,dorsal_visual_cortex,word,70636,3.311949,1861.0,6163.537,87.25773131795401
sub-068,control,right,dorsal_visual_cortex,face,70636,3.3217053,2052.0,6816.139,96.4966753518921
sub-068,control,right,ventral_visual_cortex,word,49237,3.2649145,379.0,1237.4026,25.131559353547637
sub-068,control,right,ventral_visual_cortex,face,49237,3.604093,870.0,3135.561,63.6830236439314
sub-071,control,left,hemi,word,716260,2.8049006,641.0,1797.9413,2.510179661267818
sub-071,control,left,hemi,face,716260,2.8301716,327.0,925.4661,1.2920812630724614
sub-071,control,left,dorsal_visual_cortex,word,73898,2.699683,10.0,26.99683,0.3653255837312548
sub-071,control,left,dorsal_visual_cortex,face,73898,2.814635,66.0,185.76591,2.513815190086229
sub-071,control,left,ventral_visual_cortex,word,54522,2.76911,153.0,423.67383,7.7706949144382085
sub-071,control,left,ventral_visual_cortex,face,54522,2.7656562,21.0,58.07878,1.0652357053653514
sub-071,control,right,hemi,word,713425,2.8406198,805.0,2286.699,3.2052408797131795
sub-071,control,right,hemi,face,713425,2.827337,766.0,2165.7402,3.0356943398044645
sub-071,control,right,dorsal_visual_cortex,word,76669,2.883618,62.0,178.78432,2.3318983815701464
sub-071,control,right,dorsal_visual_cortex,face,76669,2.8176157,316.0,890.3666,11.613123650346783
sub-071,control,right,ventral_visual_cortex,word,52836,2.8411574,251.0,713.1305,13.497056801500161
sub-071,control,right,ventral_visual_cortex,face,52836,2.8170137,97.0,273.25034,5.171669613395401
sub-083,control,left,hemi,word,776469,3.7753973,11211.0,42325.98,54.51084392132847
sub-083,control,left,hemi,face,776469,3.9566255,5949.0,23537.965,30.314107638231533
sub-083,control,left,dorsal_visual_cortex,word,85988,3.8661385,1241.0,4797.878,55.797063889001954
sub-083,control,left,dorsal_visual_cortex,face,85988,3.3957043,1061.0,3602.8423,41.89936136619354
sub-083,control,left,ventral_visual_cortex,word,59571,4.8238616,2427.0,11707.512,196.53038758372364
sub-083,control,left,ventral_visual_cortex,face,59571,4.2470527,2359.0,10018.797,168.1824524516963
sub-083,control,right,hemi,word,769323,3.5787106,4253.0,15220.256,19.783960520321113
sub-083,control,right,hemi,face,769323,4.160532,8361.0,34786.207,45.21664766457002
sub-083,control,right,dorsal_visual_cortex,word,78283,3.0120072,239.0,719.86975,9.195735357313369
sub-083,control,right,dorsal_visual_cortex,face,78283,3.5245678,622.0,2192.2812,28.004563570634748
sub-083,control,right,ventral_visual_cortex,word,55506,3.8735542,281.0,1088.4688,19.609929557164993
sub-083,control,right,ventral_visual_cortex,face,55506,4.641136,2783.0,12916.282,232.70064905708392
sub-084,control,left,hemi,word,779033,3.2287996,14914.0,48154.316,61.81293527520657
sub-084,control,left,hemi,face,779033,3.0963743,1676.0,5189.5234,6.66149372042006
sub-084,control,left,dorsal_visual_cortex,word,82233,3.398461,3468.0,11785.863,143.32279354091423
sub-084,control,left,dorsal_visual_cortex,face,82233,3.0928159,208.0,643.3057,7.822963106023813
sub-084,control,left,ventral_visual_cortex,word,58693,3.1131492,202.0,628.85614,10.714329479439094
sub-084,control,left,ventral_visual_cortex,face,58693,3.1595888,77.0,243.28835,4.145099847288672
sub-084,control,right,hemi,word,770331,3.1485548,12746.0,40131.48,52.09641111256071
sub-084,control,right,hemi,face,770331,3.2531729,4376.0,14235.885,18.4802179395935
sub-084,control,right,dorsal_visual_cortex,word,80374,3.3145766,2873.0,9522.778,118.4808311184276
sub-084,control,right,dorsal_visual_cortex,face,80374,3.5510573,1265.0,4492.0874,55.88980767840036
sub-084,control,right,ventral_visual_cortex,word,56131,2.951539,12.0,35.41847,0.6309965700832303
sub-084,control,right,ventral_visual_cortex,face,56131,3.1644452,76.0,240.49783,4.2845813053740915
sub-085,control,left,hemi,word,726473,4.66676,5196.0,24248.484,33.37836970541232
sub-085,control,left,hemi,face,726473,3.487978,7543.0,26309.818,36.21582406968325
sub-085,control,left,dorsal_visual_cortex,word,80744,4.5934453,884.0,4060.6055,50.289872544709205
sub-085,control,left,dorsal_visual_cortex,face,80744,3.2826507,938.0,3079.1265,38.134430605911895
sub-085,control,left,ventral_visual_cortex,word,55783,5.2400393,3186.0,16694.766,299.28052677338974
sub-085,control,left,ventral_visual_cortex,face,55783,3.9367707,2369.0,9326.21,167.18731443159209
sub-085,control,right,hemi,word,725861,4.0507216,2716.0,11001.76,15.1568410007219
sub-085,control,right,hemi,face,725861,3.676859,12791.0,47030.703,64.79298808587319
sub-085,control,right,dorsal_visual_cortex,word,72929,3.039644,114.0,346.5194,4.751462507091658
sub-085,control,right,dorsal_visual_cortex,face,72929,3.2122104,534.0,1715.3203,23.52041454702519
sub-085,control,right,ventral_visual_cortex,word,50919,4.6562867,1094.0,5093.9775,100.04080086141715
sub-085,control,right,ventral_visual_cortex,face,50919,4.3481016,3555.0,15457.502,303.5704148377816
sub-087,control,left,hemi,word,688937,3.804632,18171.0,69133.97,100.34875286129211
sub-087,control,left,hemi,face,688937,3.768848,3237.0,12199.761,17.708093399233164
sub-087,control,left,dorsal_visual_cortex,word,75733,3.7991128,4110.0,15614.354,206.1763500141946
sub-087,control,left,dorsal_visual_cortex,face,75733,3.7259092,635.0,2365.9524,31.24070606707941
sub-087,control,left,ventral_visual_cortex,word,51276,4.2231045,2444.0,10321.268,201.28846981287543
sub-087,control,left,ventral_visual_cortex,face,51276,3.9799747,1431.0,5695.3438,111.07230965753959
sub-087,control,right,hemi,word,692346,3.5622997,7998.0,28491.273,41.15178456653176
sub-087,control,right,hemi,face,692346,4.075427,10213.0,41622.336,60.11782539005064
sub-087,control,right,dorsal_visual_cortex,word,73440,3.1207314,1641.0,5121.12,69.73202773948121
sub-087,control,right,dorsal_visual_cortex,face,73440,3.7284665,925.0,3448.8315,46.961213820380586
sub-087,control,right,ventral_visual_cortex,word,50026,3.7336533,655.0,2445.543,48.88543894674769
sub-087,control,right,ventral_visual_cortex,face,50026,4.589729,4638.0,21287.162,425.52197076270335
sub-093,control,left,hemi,word,615700,3.8327496,5259.0,20156.43,32.737420314276434
sub-093,control,left,hemi,face,615700,3.5940902,2658.0,9553.092,15.515822310987495
sub-093,control,left,dorsal_visual_cortex,word,66343,3.6591618,978.0,3578.6602,53.94178973290324
sub-093,control,left,dorsal_visual_cortex,face,66343,3.6928337,546.0,2016.2872,30.3918609566241
sub-093,control,left,ventral_visual_cortex,word,45537,3.739082,1556.0,5818.0117,127.76449302215781
sub-093,control,left,ventral_visual_cortex,face,45537,3.4749904,632.0,2196.1938,48.22877764578804
sub-093,control,right,hemi,word,606652,3.7613566,3776.0,14202.883,23.411911297580822
sub-093,control,right,hemi,face,606652,3.8921666,5031.0,19581.49,32.27796205134904
sub-093,control,right,dorsal_visual_cortex,word,63398,3.1615505,941.0,2975.019,46.92607090079735
sub-093,control,right,dorsal_visual_cortex,face,63398,3.5003035,472.0,1652.1433,26.059864830860203
sub-093,control,right,ventral_visual_cortex,word,43733,5.061838,359.0,1817.2,41.55214486021711
sub-093,control,right,ventral_visual_cortex,face,43733,3.9766428,1641.0,6525.671,149.2161731058354
sub-094,control,left,hemi,word,646909,3.8783262,11070.0,42933.07,66.3664755205137
sub-094,control,left,hemi,face,646909,3.624362,6295.0,22815.36,35.26826705919998
sub-094,control,left,dorsal_visual_cortex,word,67957,3.8097632,2300.0,8762.455,128.94116982981885
sub-094,control,left,dorsal_visual_cortex,face,67957,3.676939,1694.0,6228.735,91.65700168167002
sub-094,control,left,ventral_visual_cortex,word,47740,4.3710256,2382.0,10411.783,218.09348980152913
sub-094,control,left,ventral_visual_cortex,face,47740,3.4489887,1369.0,4721.6655,98.90376052249162
sub-094,control,right,hemi,word,614301,3.6670814,8839.0,32413.332,52.764576374204175
sub-094,control,right,hemi,face,614301,3.781886,8508.0,32176.287,52.37869889414961
sub-094,control,right,dorsal_visual_cortex,word,64099,3.864787,2045.0,7903.4897,123.30129559109737
sub-094,control,right,dorsal_visual_cortex,face,64099,3.9452205,2251.0,8880.691,138.54648912229518
sub-094,control,right,ventral_visual_cortex,word,46871,4.1442423,1252.0,5188.5913,110.69939426497729
sub-094,control,right,ventral_visual_cortex,face,46871,4.272372,1773.0,7574.9155,161.61198880637815
sub-095,control,left,hemi,word,614219,3.6912766,6952.0,25661.754,41.779485665943255
sub-095,control,left,hemi,face,614219,3.4241388,1521.0,5208.115,8.479248011499156
sub-095,control,left,dorsal_visual_cortex,word,63670,3.9096124,1706.0,6669.799,104.75575354366264
sub-095,control,left,dorsal_visual_cortex,face,63670,3.5986717,522.0,1878.5066,29.503794436891393
sub-095,control,left,ventral_visual_cortex,word,48868,4.5461025,1656.0,7528.3457,154.0547127593722
sub-095,control,left,ventral_visual_cortex,face,48868,3.4086032,858.0,2924.5815,59.846556907766846
sub-095,control,right,hemi,word,629265,4.167087,4062.0,16926.707,26.89917130501458
sub-095,control,right,hemi,face,629265,3.9779575,4193.0,16679.576,26.506441915369518
sub-095,control,right,dorsal_visual_cortex,word,66164,3.4818254,983.0,3422.6343,51.72955500489314
sub-095,control,right,dorsal_visual_cortex,face,66164,3.8639023,785.0,3033.1633,45.843106977784366
sub-095,control,right,ventral_visual_cortex,word,47587,4.0718813,672.0,2736.3042,57.50108641475088
sub-095,control,right,ventral_visual_cortex,face,47587,3.6064966,1716.0,6188.748,130.0512334644966
sub-096,control,left,hemi,word,684634,4.069414,8997.0,36612.52,53.47750700556794
sub-096,control,left,hemi,face,684634,3.986666,3495.0,13933.397,20.35160021403772
sub-096,control,left,dorsal_visual_cortex,word,72101,3.9071693,1688.0,6595.302,91.47309687539008
sub-096,control,left,dorsal_visual_cortex,face,72101,3.5124629,294.0,1032.6641,14.322465187722777
sub-096,control,left,ventral_visual_cortex,word,51380,4.5715246,3060.0,13988.865,272.2628500267614
sub-096,control,left,ventral_visual_cortex,face,51380,4.517668,1565.0,7070.1504,137.60510686307902
sub-096,control,right,hemi,word,675460,3.8369753,5999.0,23018.016,34.07754067598377
sub-096,control,right,hemi,face,675460,3.6900847,3943.0,14550.004,21.54088163066651
sub-096,control,right,dorsal_visual_cortex,word,70930,3.6848912,1691.0,6231.151,87.84930042163049
sub-096,control,right,dorsal_visual_cortex,face,70930,3.2657466,232.0,757.6532,10.68170306276875
sub-096,control,right,ventral_visual_cortex,word,50262,4.770773,718.0,3425.415,68.15118855323108
sub-096,control,right,ventral_visual_cortex,face,50262,3.8333104,1517.0,5815.132,115.69638764747722
sub-097,control,left,hemi,word,615721,3.8831584,3738.0,14515.246,23.574388552201405
sub-097,control,left,hemi,face,615721,4.2123237,3320.0,13984.914,22.713069819772265
sub-097,control,left,dorsal_visual_cortex,word,67094,3.185025,357.0,1137.054,16.947177915732034
sub-097,control,left,dorsal_visual_cortex,face,67094,3.8656325,282.0,1090.1084,16.24747963212061
sub-097,control,left,ventral_visual_cortex,word,46135,4.2405133,1749.0,7416.658,160.75990469545897
sub-097,control,left,ventral_visual_cortex,face,46135,4.5478234,1878.0,8540.8125,185.12653083342366
sub-097,control,right,hemi,word,602231,4.2235045,4765.0,20125.0,33.41740959864238
sub-097,control,right,hemi,face,602231,3.8650708,6367.0,24608.906,40.86290185991754
sub-097,control,right,dorsal_visual_cortex,word,61046,3.5619314,858.0,3056.1372,50.062857632461586
sub-097,control,right,dorsal_visual_cortex,face,61046,3.0201516,317.0,957.38806,15.683059684884146
sub-097,control,right,ventral_visual_cortex,word,44855,4.5932517,1739.0,7987.665,178.07747272461265
sub-097,control,right,ventral_visual_cortex,face,44855,4.183991,3225.0,13493.371,300.8220063259391
sub-103,control,left,hemi,word,639514,5.0354443,3587.0,18062.139,28.243539112318103
sub-103,control,left,hemi,face,639514,3.4969125,1856.0,6490.2695,10.14875285177494
sub-103,control,left,hemi,tool,639514,3.0476305,1133.0,3452.9653,5.399358469136328
sub-103,control,left,hemi,space,639514,3.2164342,9873.0,31755.855,49.656231870998916
sub-103,control,left,dorsal_visual_cortex,word,68364,4.473448,573.0,2563.2856,37.49467036058818
sub-103,control,left,dorsal_visual_cortex,face,68364,2.9935052,116.0,347.2466,5.079378218782226
sub-103,control,left,dorsal_visual_cortex,tool,68364,3.077576,626.0,1926.5625,28.180950500263297
sub-103,control,left,dorsal_visual_cortex,space,68364,3.0323508,1525.0,4624.335,67.64283776457638
sub-103,control,left,ventral_visual_cortex,word,46258,4.7487617,1385.0,6577.035,142.18157197133468
sub-103,control,left,ventral_visual_cortex,face,46258,3.6591854,589.0,2155.2603,46.59216252121254
sub-103,control,left,ventral_visual_cortex,tool,46258,3.0981042,161.0,498.79477,10.782886620413969
sub-103,control,left,ventral_visual_cortex,space,46258,3.1078088,410.0,1274.2017,27.545541531329715
sub-103,control,right,hemi,word,629784,5.182571,1892.0,9805.424,15.569502921835106
sub-103,control,right,hemi,face,629784,4.2973995,3665.0,15749.969,25.008524748167627
sub-103,control,right,hemi,tool,629784,2.9751272,850.0,2528.8582,4.015437283730415
sub-103,control,right,hemi,space,629784,3.328023,9812.0,32654.56,51.85041307317271
sub-103,control,right,dorsal_visual_cortex,word,66184,4.4457397,542.0,2409.5908,36.40745225904298
sub-103,control,right,dorsal_visual_cortex,face,66184,3.8610451,496.0,1915.0784,28.935669786362638
sub-103,control,right,dorsal_visual_cortex,tool,66184,2.8774977,155.0,446.01215,6.738972349753622
sub-103,control,right,dorsal_visual_cortex,space,66184,3.4557238,4423.0,15284.666,230.94201038959565
sub-103,control,right,ventral_visual_cortex,word,45790,4.0366797,231.0,932.473,20.36411929375273
sub-103,control,right,ventral_visual_cortex,face,45790,3.7116857,1306.0,4847.4614,105.86288328851825
sub-103,control,right,ventral_visual_cortex,tool,45790,3.361709,219.0,736.2143,16.078058406499096
sub-103,control,right,ventral_visual_cortex,space,45790,3.0665886,537.0,1646.758,35.963268325848986
sub-106,control,left,hemi,word,616630,3.2163029,10744.0,34555.957,56.04001918695166
sub-106,control,left,hemi,face,616630,3.1221528,4695.0,14658.508,23.77196667774841
sub-106,control,left,hemi,tool,616630,3.0064287,1640.0,4930.543,7.995950519355205
sub-106,control,left,hemi,space,616630,3.456098,21581.0,74586.055,120.95755102330409
sub-106,control,left,dorsal_visual_cortex,word,65253,3.7243345,1250.0,4655.418,71.34412163042313
sub-106,control,left,dorsal_visual_cortex,face,65253,2.973708,243.0,722.611,11.073989287070614
sub-106,control,left,dorsal_visual_cortex,tool,65253,2.8435438,72.0,204.73515,3.1375592416937486
sub-106,control,left,dorsal_visual_cortex,space,65253,3.577721,6559.0,23466.273,359.6198402755429
sub-106,control,left,ventral_visual_cortex,word,47481,3.1293998,564.0,1764.9814,37.17237306106653
sub-106,control,left,ventral_visual_cortex,face,47481,3.3169935,510.0,1691.6666,35.62828554530365
sub-106,control,left,ventral_visual_cortex,tool,47481,3.3467116,252.0,843.37134,17.762290977246163
sub-106,control,left,ventral_visual_cortex,space,47481,3.3691144,1531.0,5158.1143,108.63533324514016
sub-106,control,right,hemi,word,620092,3.1631937,7767.0,24568.525,39.62077464412539
sub-106,control,right,hemi,face,620092,3.2650857,7237.0,23629.426,38.10632257995588
sub-106,control,right,hemi,tool,620092,3.1868885,4302.0,13709.994,22.109612993918645
sub-106,control,right,hemi,space,620092,3.6734242,35866.0,131751.03,212.47013547989656
sub-106,control,right,dorsal_visual_cortex,word,63769,3.7351367,943.0,3522.234,55.23426565758833
sub-106,control,right,dorsal_visual_cortex,face,63769,3.224719,635.0,2047.6965,32.11115954779164
sub-106,control,right,dorsal_visual_cortex,tool,63769,3.0297713,522.0,1581.5406,24.80108907798558
sub-106,control,right,dorsal_visual_cortex,space,63769,3.9447606,10247.0,40421.96,633.8810540780004
sub-106,control,right,ventral_visual_cortex,word,46002,3.2747731,474.0,1552.2424,33.74293360376995
sub-106,control,right,ventral_visual_cortex,face,46002,3.3087177,1387.0,4589.1914,99.76069314921091
sub-106,control,right,ventral_visual_cortex,tool,46002,3.2989707,259.0,854.4334,18.573831803933118
sub-106,control,right,ventral_visual_cortex,space,46002,3.4877305,4171.0,14547.324,316.232429432416
sub-107,control,left,hemi,word,708712,3.8590167,2344.0,9045.535,12.763344145788416
sub-107,control,left,hemi,face,708712,3.350523,1489.0,4988.9287,7.039430277655097
sub-107,control,left,hemi,tool,708712,3.4085999,10617.0,36189.105,51.063204050093695
sub-107,control,left,hemi,space,708712,3.0533955,3731.0,11392.219,16.074539093454042
sub-107,control,left,dorsal_visual_cortex,word,76170,4.059417,394.0,1599.4103,20.99790308940938
sub-107,control,left,dorsal_visual_cortex,face,76170,3.7245364,346.0,1288.6896,16.918597547529377
sub-107,control,left,dorsal_visual_cortex,tool,76170,3.431144,4293.0,14729.901,193.3819268371734
sub-107,control,left,dorsal_visual_cortex,space,76170,3.0976791,833.0,2580.3667,33.87641721437246
sub-107,control,left,ventral_visual_cortex,word,53993,4.1474767,904.0,3749.3188,69.44083210149928
sub-107,control,left,ventral_visual_cortex,face,53993,3.4659934,595.0,2062.266,38.19506442096661
sub-107,control,left,ventral_visual_cortex,tool,53993,3.2453365,566.0,1836.8605,34.020344741592666
sub-107,control,left,ventral_visual_cortex,space,53993,2.8816512,10.0,28.816511,0.5337082798543293
sub-107,control,right,hemi,word,735601,3.71453,2626.0,9754.355,13.26038908151294
sub-107,control,right,hemi,face,735601,3.7962756,5441.0,20655.535,28.079808423656303
sub-107,control,right,hemi,tool,735601,3.0648065,4406.0,13503.537,18.35714892907296
sub-107,control,right,hemi,space,735601,3.3481646,6694.0,22412.613,30.46843775531844
sub-107,control,right,dorsal_visual_cortex,word,76843,3.513212,550.0,1932.2666,25.145642434086383
sub-107,control,right,dorsal_visual_cortex,face,76843,3.6706011,402.0,1475.5817,19.202551501621
sub-107,control,right,dorsal_visual_cortex,tool,76843,3.0196779,1453.0,4387.592,57.09813251532346
sub-107,control,right,dorsal_visual_cortex,space,76843,3.6570568,1373.0,5021.139,65.34283096907005
sub-107,control,right,ventral_visual_cortex,word,53135,4.6501775,357.0,1660.1133,31.24331008280794
sub-107,control,right,ventral_visual_cortex,face,53135,3.9774642,2913.0,11586.354,218.05502052554812
sub-107,control,right,ventral_visual_cortex,tool,53135,3.4687421,751.0,2605.0254,49.026543532982025
sub-107,control,right,ventral_visual_cortex,space,53135,3.239926,307.0,994.6573,18.719437048981955
sub-hemispace2001,control,left,hemi,word,647442,3.8805583,11043.0,42853.004,66.18817423993191
sub-hemispace2001,control,left,hemi,face,647442,3.6339254,6335.0,23020.918,35.55672626853062
sub-hemispace2001,control,left,hemi,tool,647442,3.4691448,10863.0,37685.32,58.20648075426061
sub-hemispace2001,control,left,hemi,space,647442,3.5612257,10226.0,36417.094,56.247654230031415
sub-hemispace2001,control,left,dorsal_visual_cortex,word,68396,3.8038921,2280.0,8672.874,126.80381927945348
sub-hemispace2001,control,left,dorsal_visual_cortex,face,68396,3.6794,1671.0,6148.2773,89.89235253158078
sub-hemispace2001,control,left,dorsal_visual_cortex,tool,68396,3.569283,3954.0,14112.945,206.3416765965846
sub-hemispace2001,control,left,dorsal_visual_cortex,space,68396,3.9223247,3651.0,14320.407,209.37492289845167
sub-hemispace2001,control,left,ventral_visual_cortex,word,47832,4.364503,2395.0,10452.984,218.53538164826895
sub-hemispace2001,control,left,ventral_visual_cortex,face,47832,3.453002,1374.0,4744.425,99.18934614248829
sub-hemispace2001,control,left,ventral_visual_cortex,tool,47832,3.6049314,1587.0,5721.026,119.60666246249896
sub-hemispace2001,control,left,ventral_visual_cortex,space,47832,3.1178148,512.0,1596.3212,33.373498222783645
sub-hemispace2001,control,right,hemi,word,617735,3.675306,8742.0,32129.525,52.01182609148745
sub-hemispace2001,control,right,hemi,face,617735,3.7916853,8332.0,31592.322,51.142192470274466
sub-hemispace2001,control,right,hemi,tool,617735,3.3142064,11254.0,37298.08,60.378767796870825
sub-hemispace2001,control,right,hemi,space,617735,3.5559716,13108.0,46611.676,75.45577922774328
sub-hemispace2001,control,right,dorsal_visual_cortex,word,64692,3.886726,2057.0,7994.995,123.58553016118685
sub-hemispace2001,control,right,dorsal_visual_cortex,face,64692,3.9478233,2271.0,8965.507,138.58756625142985
sub-hemispace2001,control,right,dorsal_visual_cortex,tool,64692,3.30198,3489.0,11520.608,178.08397326466178
sub-hemispace2001,control,right,dorsal_visual_cortex,space,64692,3.6787705,4907.0,18051.727,279.0410956918939
sub-hemispace2001,control,right,ventral_visual_cortex,word,47065,4.1197934,1230.0,5067.346,107.66697527687772
sub-hemispace2001,control,right,ventral_visual_cortex,face,47065,4.285418,1760.0,7542.3354,160.2535950115532
sub-hemispace2001,control,right,ventral_visual_cortex,tool,47065,3.5517125,1894.0,6726.9434,142.9287869834272
sub-hemispace2001,control,right,ventral_visual_cortex,space,47065,3.508397,859.0,3013.7131,64.03299978254807
sub-hemispace2002,control,left,hemi,word,608579,3.6927629,6931.0,25594.54,42.056231093251654
sub-hemispace2002,control,left,hemi,face,608579,3.4223263,1519.0,5198.5137,8.542052341396927
sub-hemispace2002,control,left,hemi,tool,608579,3.0877693,13635.0,42101.734,69.18039297281044
sub-hemispace2002,control,left,hemi,space,608579,3.135861,15245.0,47806.2,78.55381013598891
sub-hemispace2002,control,left,dorsal_visual_cortex,word,63705,3.9001288,1776.0,6926.629,108.72975286476728
sub-hemispace2002,control,left,dorsal_visual_cortex,face,63705,3.6124341,546.0,1972.389,30.96129092042913
sub-hemispace2002,control,left,dorsal_visual_cortex,tool,63705,3.1570518,4278.0,13505.867,212.0063917667373
sub-hemispace2002,control,left,dorsal_visual_cortex,space,63705,3.2313585,5112.0,16518.705,259.29997768032337
sub-hemispace2002,control,left,ventral_visual_cortex,word,48161,4.574861,1626.0,7438.724,154.4553502023162
sub-hemispace2002,control,left,ventral_visual_cortex,face,48161,3.4006855,841.0,2859.9766,59.38366235128008
sub-hemispace2002,control,left,ventral_visual_cortex,tool,48161,3.2754793,2948.0,9656.113,200.49652792197006
sub-hemispace2002,control,left,ventral_visual_cortex,space,48161,3.184261,2630.0,8374.606,173.8877192191296
sub-hemispace2002,control,right,hemi,word,630400,4.1394486,4184.0,17319.453,27.473751784581218
sub-hemispace2002,control,right,hemi,face,630400,3.9810452,4187.0,16668.637,26.44136535334708
sub-hemispace2002,control,right,hemi,tool,630400,3.0163894,10385.0,31325.203,49.69099480488578
sub-hemispace2002,control,right,hemi,space,630400,3.2962642,17614.0,58060.4,92.10088584628808
sub-hemispace2002,control,right,dorsal_visual_cortex,word,66112,3.4350727,1129.0,3878.197,58.66101496678931
sub-hemispace2002,control,right,dorsal_visual_cortex,face,66112,3.8484726,826.0,3178.8384,48.08262310785107
sub-hemispace2002,control,right,dorsal_visual_cortex,tool,66112,3.098689,2727.0,8450.125,127.81529828170376
sub-hemispace2002,control,right,dorsal_visual_cortex,space,66112,3.515093,6118.0,21505.34,325.2864811796648
sub-hemispace2002,control,right,ventral_visual_cortex,word,47239,4.0527306,672.0,2723.435,57.652258908820045
sub-hemispace2002,control,right,ventral_visual_cortex,face,47239,3.6075628,1688.0,6089.566,128.9097126943574
sub-hemispace2002,control,right,ventral_visual_cortex,tool,47239,3.2173738,1163.0,3741.8057,79.2100947112026
sub-hemispace2002,control,right,ventral_visual_cortex,space,47239,3.4723623,2408.0,8361.448,177.00307462451576
sub-hemispace2003,control,left,hemi,word,618200,3.8381977,5309.0,20376.992,32.96181201472015
sub-hemispace2003,control,left,hemi,face,618200,3.5892642,2679.0,9615.639,15.554252138264316
sub-hemispace2003,control,left,hemi,tool,618200,3.4157379,7018.0,23971.648,38.776526104011644
sub-hemispace2003,control,left,hemi,space,618200,3.253896,6150.0,20011.46,32.37052885393077
sub-hemispace2003,control,left,dorsal_visual_cortex,word,66535,3.6647394,951.0,3485.1672,52.38096094278388
sub-hemispace2003,control,left,dorsal_visual_cortex,face,66535,3.6600187,571.0,2089.8706,31.410094017716236
sub-hemispace2003,control,left,dorsal_visual_cortex,tool,66535,3.4366632,3457.0,11880.545,178.5608314702788
sub-hemispace2003,control,left,dorsal_visual_cortex,space,66535,3.295258,3545.0,11681.689,175.57209668783347
sub-hemispace2003,control,left,ventral_visual_cortex,word,45527,3.7247982,1605.0,5978.3013,131.31331450636435
sub-hemispace2003,control,left,ventral_visual_cortex,face,45527,3.4677224,640.0,2219.3423,48.747826238413474
sub-hemispace2003,control,left,ventral_visual_cortex,tool,45527,3.4040692,936.0,3186.2087,69.985036137553
sub-hemispace2003,control,left,ventral_visual_cortex,space,45527,3.1464384,657.0,2067.21,45.4062415915281
sub-hemispace2003,control,right,hemi,word,606904,3.7711847,3734.0,14081.604,23.2023574002231
sub-hemispace2003,control,right,hemi,face,606904,3.8957922,4998.0,19471.17,32.0827839689226
sub-hemispace2003,control,right,hemi,tool,606904,3.1209745,2521.0,7867.9766,12.964120458095513
sub-hemispace2003,control,right,hemi,space,606904,3.5316331,13469.0,47567.566,78.37741456021051
sub-hemispace2003,control,right,dorsal_visual_cortex,word,64352,3.165369,925.0,2927.9663,45.49922781877409
sub-hemispace2003,control,right,dorsal_visual_cortex,face,64352,3.4926927,470.0,1641.5656,25.509161358742737
sub-hemispace2003,control,right,dorsal_visual_cortex,tool,64352,3.064065,697.0,2135.6533,33.18705433106197
sub-hemispace2003,control,right,dorsal_visual_cortex,space,64352,3.517479,6819.0,23985.69,372.72640249137555
sub-hemispace2003,control,right,ventral_visual_cortex,word,43944,5.0551167,340.0,1718.7396,39.112043146355305
sub-hemispace2003,control,right,ventral_visual_cortex,face,43944,3.975517,1631.0,6484.0684,147.5529846935873
sub-hemispace2003,control,right,ventral_visual_cortex,tool,43944,3.423902,698.0,2389.8835,54.38475206903957
sub-hemispace2003,control,right,ventral_visual_cortex,space,43944,3.3561587,1264.0,4242.1846,96.5361498796764
sub-spaceloc1001,control,left,hemi,tool,810713,3.2573454,13987.0,45560.492,56.1980530563837
sub-spaceloc1001,control,left,hemi,space,810713,3.522608,40751.0,143549.8,177.06610955418256
sub-spaceloc1001,control,left,dorsal_visual_cortex,tool,88194,3.3352983,4412.0,14715.336,166.8518939780484
sub-spaceloc1001,control,left,dorsal_visual_cortex,space,88194,3.537139,8225.0,29092.967,329.874671710944
sub-spaceloc1001,control,left,ventral_visual_cortex,tool,59736,3.4684446,1854.0,6430.496,107.64858868605197
sub-spaceloc1001,control,left,ventral_visual_cortex,space,59736,3.4290285,4253.0,14583.658,244.1351647771026
sub-spaceloc1001,control,right,hemi,tool,791221,3.2934048,11669.0,38430.742,48.57143855825364
sub-spaceloc1001,control,right,hemi,space,791221,3.5369537,34589.0,122339.69,154.6213858075051
sub-spaceloc1001,control,right,dorsal_visual_cortex,tool,83926,3.439979,4523.0,15559.025,185.3898123421228
sub-spaceloc1001,control,right,dorsal_visual_cortex,space,83926,3.602959,7708.0,27771.607,330.90588639843435
sub-spaceloc1001,control,right,ventral_visual_cortex,tool,58343,3.5578895,1809.0,6436.222,110.31695606960132
sub-spaceloc1001,control,right,ventral_visual_cortex,space,58343,3.3575263,3591.0,12056.877,206.65507349853453
sub-spaceloc1002,control,left,hemi,tool,814568,3.573796,9926.0,35473.5,43.548850433604066
sub-spaceloc1002,control,left,hemi,space,814568,3.3621929,14248.0,47904.523,58.80972912942811
sub-spaceloc1002,control,left,dorsal_visual_cortex,tool,90248,3.8471198,3732.0,14357.451,159.0888570591592
sub-spaceloc1002,control,left,dorsal_visual_cortex,space,90248,3.382268,7225.0,24436.887,270.7748284588024
sub-spaceloc1002,control,left,ventral_visual_cortex,tool,59111,3.462651,2348.0,8130.3047,137.54300701223124
sub-spaceloc1002,control,left,ventral_visual_cortex,space,59111,3.596876,2742.0,9862.634,166.8493814867368
sub-spaceloc1002,control,right,hemi,tool,829306,3.5723743,10814.0,38631.656,46.583114375152235
sub-spaceloc1002,control,right,hemi,space,829306,3.4255931,15860.0,54329.906,65.51249629208036
sub-spaceloc1002,control,right,dorsal_visual_cortex,tool,91444,3.5670714,4794.0,17100.541,187.00561016168365
sub-spaceloc1002,control,right,dorsal_visual_cortex,space,91444,3.5090466,8595.0,30160.256,329.8221409756244
sub-spaceloc1002,control,right,ventral_visual_cortex,tool,58266,3.865022,2796.0,10806.602,185.47011228675387
sub-spaceloc1002,control,right,ventral_visual_cortex,space,58266,3.3083706,2141.0,7083.221,121.56697201466122
sub-spaceloc1003,control,left,hemi,tool,697439,3.5727882,6218.0,22215.598,31.853104940001923
sub-spaceloc1003,control,left,hemi,space,697439,3.1208253,10576.0,33005.848,47.324350453946515
sub-spaceloc1003,control,left,dorsal_visual_cortex,tool,74226,3.3615928,2628.0,8834.266,119.01847903699513
sub-spaceloc1003,control,left,dorsal_visual_cortex,space,74226,3.1402469,4259.0,13374.312,180.1836489025072
sub-spaceloc1003,control,left,ventral_visual_cortex,tool,51070,4.0765357,2131.0,8687.098,170.10177513706677
sub-spaceloc1003,control,left,ventral_visual_cortex,space,51070,3.2327774,2247.0,7264.051,142.23714081163112
sub-spaceloc1003,control,right,hemi,tool,695952,3.502713,4972.0,17415.488,25.023979069318
sub-spaceloc1003,control,right,hemi,space,695952,3.4065418,27368.0,93230.234,133.96072484165575
sub-spaceloc1003,control,right,dorsal_visual_cortex,tool,71432,3.4516919,2226.0,7683.4663,107.56336527877912
sub-spaceloc1003,control,right,dorsal_visual_cortex,space,71432,3.539602,10795.0,38210.004,534.9143787973177
sub-spaceloc1003,control,right,ventral_visual_cortex,tool,50012,3.6443422,2115.0,7707.7837,154.11868534364254
sub-spaceloc1003,control,right,ventral_visual_cortex,space,50012,3.5663433,6606.0,23559.264,471.07221610563465
sub-spaceloc1004,control,left,hemi,tool,755050,3.4410717,5992.0,20618.902,27.307995952254817
sub-spaceloc1004,control,left,hemi,space,755050,3.427926,6951.0,23827.514,31.55753085474472
sub-spaceloc1004,control,left,dorsal_visual_cortex,tool,81042,3.5104358,2656.0,9323.718,115.04797232839145
sub-spaceloc1004,control,left,dorsal_visual_cortex,space,81042,3.5017169,3859.0,13513.125,166.7422447619753
sub-spaceloc1004,control,left,ventral_visual_cortex,tool,58834,3.7264304,1620.0,6036.8174,102.60763134943231
sub-spaceloc1004,control,left,ventral_visual_cortex,space,58834,3.4433746,1805.0,6215.291,105.64114314214571
sub-spaceloc1004,control,right,hemi,tool,761683,3.2991252,6040.0,19926.717,26.161430407236345
sub-spaceloc1004,control,right,hemi,space,761683,3.531255,9182.0,32423.982,42.568867129599845
sub-spaceloc1004,control,right,dorsal_visual_cortex,tool,80716,3.4668183,3000.0,10400.455,128.8524589687918
sub-spaceloc1004,control,right,dorsal_visual_cortex,space,80716,3.497838,5010.0,17524.168,217.1089742894841
sub-spaceloc1004,control,right,ventral_visual_cortex,tool,55839,3.311913,448.0,1483.737,26.571698285192696
sub-spaceloc1004,control,right,ventral_visual_cortex,space,55839,3.7411177,2543.0,9513.662,170.37665626846825
sub-spaceloc1005,control,left,hemi,tool,845967,3.6252527,27300.0,98969.4,116.98966796281651
sub-spaceloc1005,control,left,hemi,space,845967,3.1938274,8496.0,27134.758,32.07543298083731
sub-spaceloc1005,control,left,dorsal_visual_cortex,tool,85791,3.7507272,8025.0,30099.586,350.8478271322167
sub-spaceloc1005,control,left,dorsal_visual_cortex,space,85791,3.332667,3885.0,12947.412,150.91806960374632
sub-spaceloc1005,control,left,ventral_visual_cortex,tool,64121,4.0430136,3363.0,13596.654,212.04682236513779
sub-spaceloc1005,control,left,ventral_visual_cortex,space,64121,3.130432,762.0,2385.3892,37.20137178391244
sub-spaceloc1005,control,right,hemi,tool,843351,3.3617408,21340.0,71739.55,85.06487438207816
sub-spaceloc1005,control,right,hemi,space,843351,3.547548,19061.0,67619.81,80.179916191479
sub-spaceloc1005,control,right,dorsal_visual_cortex,tool,88017,3.4874005,4919.0,17154.523,194.9001151766136
sub-spaceloc1005,control,right,dorsal_visual_cortex,space,88017,3.6146533,9930.0,35893.508,407.8019906665758
sub-spaceloc1005,control,right,ventral_visual_cortex,tool,62092,3.5390563,2237.0,7916.869,127.50224087845454
sub-spaceloc1005,control,right,ventral_visual_cortex,space,62092,3.3894155,2311.0,7832.939,126.15053412426319
sub-spaceloc1006,control,left,hemi,tool,815798,2.9495893,2726.0,8040.5806,9.856092520950346
sub-spaceloc1006,control,left,hemi,space,815798,3.5315306,10834.0,38260.6,46.89960206141716
sub-spaceloc1006,control,left,dorsal_visual_cortex,tool,85262,2.9555843,281.0,830.51917,9.740789156236806
sub-spaceloc1006,control,left,dorsal_visual_cortex,space,85262,3.686387,6542.0,24116.344,282.8498481152213
sub-spaceloc1006,control,left,ventral_visual_cortex,tool,61887,3.0937676,679.0,2100.6682,33.9436103364297
sub-spaceloc1006,control,left,ventral_visual_cortex,space,61887,3.3216753,1860.0,6178.316,99.83220899330635
sub-spaceloc1006,control,right,hemi,tool,785594,2.9195464,1039.0,3033.4087,3.8612930997515895
sub-spaceloc1006,control,right,hemi,space,785594,3.666184,13578.0,49779.445,63.36535833076627
sub-spaceloc1006,control,right,dorsal_visual_cortex,tool,79126,2.9740775,258.0,767.312,9.697343625593989
sub-spaceloc1006,control,right,dorsal_visual_cortex,space,79126,3.8254359,8011.0,30645.566,387.3008417745115
sub-spaceloc1006,control,right,ventral_visual_cortex,tool,59683,2.9164703,115.0,335.39407,5.619591399331939
sub-spaceloc1006,control,right,ventral_visual_cortex,space,59683,3.751271,1973.0,7401.258,124.00948029589667
sub-spaceloc1007,control,left,hemi,tool,662780,3.4334004,5333.0,18310.324,27.626549109432993
sub-spaceloc1007,control,left,hemi,space,662780,3.0935903,6604.0,20430.07,30.824814135157972
sub-spaceloc1007,control,left,dorsal_visual_cortex,tool,72574,3.4838557,3268.0,11385.24,156.87767291833163
sub-spaceloc1007,control,left,dorsal_visual_cortex,space,72574,3.1955242,3324.0,10621.923,146.3598926828134
sub-spaceloc1007,control,left,ventral_visual_cortex,tool,50360,3.2018187,631.0,2020.3477,40.11810278494837
sub-spaceloc1007,control,left,ventral_visual_cortex,space,50360,3.0080013,381.0,1146.0485,22.75711798876216
sub-spaceloc1007,control,right,hemi,tool,662749,3.4850373,6410.0,22339.09,33.7067122602222
sub-spaceloc1007,control,right,hemi,space,662749,3.6567075,14500.0,53022.258,80.00352744779698
sub-spaceloc1007,control,right,dorsal_visual_cortex,tool,69138,3.3428745,2627.0,8781.731,127.01743535121784
sub-spaceloc1007,control,right,dorsal_visual_cortex,space,69138,3.7276676,8594.0,32035.574,463.35697038893227
sub-spaceloc1007,control,right,ventral_visual_cortex,tool,48702,3.6982327,2545.0,9412.002,193.25699053683627
sub-spaceloc1007,control,right,ventral_visual_cortex,space,48702,4.0769997,2218.0,9042.785,185.67584814278672
sub-spaceloc1008,control,left,hemi,tool,723009,2.9242887,617.0,1804.2861,2.4955237525570224
sub-spaceloc1008,control,left,hemi,space,723009,3.036239,1734.0,5264.8384,7.28184348867891
sub-spaceloc1008,control,left,dorsal_visual_cortex,tool,77038,3.0328825,66.0,200.17024,2.598331243147152
sub-spaceloc1008,control,left,dorsal_visual_cortex,space,77038,3.0470655,1046.0,3187.2305,41.37218604779459
sub-spaceloc1008,control,left,ventral_visual_cortex,tool,54372,2.9573383,198.0,585.553,10.769384582425236
sub-spaceloc1008,control,left,ventral_visual_cortex,space,54372,2.8625774,200.0,572.5155,10.52960168707584
sub-spaceloc1008,control,right,hemi,tool,756562,2.9238849,753.0,2201.6853,2.910118804188388
sub-spaceloc1008,control,right,hemi,space,756562,3.1104422,2837.0,8824.324,11.663715886801082
sub-spaceloc1008,control,right,dorsal_visual_cortex,tool,79531,2.9051204,161.0,467.72437,5.881032116210974
sub-spaceloc1008,control,right,dorsal_visual_cortex,space,79531,3.0212152,1557.0,4704.032,59.14715301659101
sub-spaceloc1008,control,right,ventral_visual_cortex,tool,54657,3.1409533,143.0,449.1563,8.217727117023552
sub-spaceloc1008,control,right,ventral_visual_cortex,space,54657,2.9403577,190.0,558.66797,10.221343446402107
sub-spaceloc1009,control,left,hemi,tool,736980,3.361255,8297.0,27888.332,37.841368871950394
sub-spaceloc1009,control,left,hemi,space,736980,4.3655605,44769.0,195441.78,265.1927884745855
sub-spaceloc1009,control,left,dorsal_visual_cortex,tool,77254,3.3917341,3177.0,10775.539,139.4819564359127
sub-spaceloc1009,control,left,dorsal_visual_cortex,space,77254,4.8556848,21837.0,106033.586,1372.5319845897948
sub-spaceloc1009,control,left,ventral_visual_cortex,tool,55487,3.557604,1838.0,6538.8765,117.84519734070594
sub-spaceloc1009,control,left,ventral_visual_cortex,space,55487,4.0675945,5020.0,20419.324,368.0019503442248
sub-spaceloc1009,control,right,hemi,tool,735949,3.0547175,3733.0,11403.261,15.494634468132302
sub-spaceloc1009,control,right,hemi,space,735949,4.440925,49537.0,219990.11,298.92031835765795
sub-spaceloc1009,control,right,dorsal_visual_cortex,tool,76278,3.1596935,1324.0,4183.434,54.8445696273008
sub-spaceloc1009,control,right,dorsal_visual_cortex,space,76278,4.9513097,23472.0,116217.14,1523.5997355069615
sub-spaceloc1009,control,right,ventral_visual_cortex,tool,54236,3.0956151,566.0,1752.1182,32.305445904242575
sub-spaceloc1009,control,right,ventral_visual_cortex,space,54236,3.9604385,5447.0,21572.508,397.7525594162549
sub-spaceloc1010,control,left,hemi,tool,686529,3.5681672,4467.0,15939.003,23.216794818117663
sub-spaceloc1010,control,left,hemi,space,686529,3.6434562,10106.0,36820.77,53.63323258194483
sub-spaceloc1010,control,left,dorsal_visual_cortex,tool,71542,3.3073049,971.0,3211.393,44.88822043563571
sub-spaceloc1010,control,left,dorsal_visual_cortex,space,71542,3.7493122,4742.0,17779.238,248.51469460247128
sub-spaceloc1010,control,left,ventral_visual_cortex,tool,52182,3.9673343,2079.0,8248.088,158.06385134002147
sub-spaceloc1010,control,left,ventral_visual_cortex,space,52182,3.7811015,1676.0,6337.126,121.44275759002146
sub-spaceloc1010,control,right,hemi,tool,658382,3.1457787,1759.0,5533.425,8.404580934301817
sub-spaceloc1010,control,right,hemi,space,658382,3.9854043,19582.0,78042.19,118.53633225088171
sub-spaceloc1010,control,right,dorsal_visual_cortex,tool,69303,3.216278,505.0,1624.2205,23.436510093132693
sub-spaceloc1010,control,right,dorsal_visual_cortex,space,69303,4.2042317,10552.0,44363.055,640.1318079664661
sub-spaceloc1010,control,right,ventral_visual_cortex,tool,49514,3.2350023,731.0,2364.7866,47.75995922554732
sub-spaceloc1010,control,right,ventral_visual_cortex,space,49514,3.6360614,2642.0,9606.475,194.01532110867635
sub-spaceloc1011,control,left,hemi,tool,682878,3.35981,13277.0,44608.2,65.32381950912169
sub-spaceloc1011,control,left,hemi,space,682878,3.728067,31121.0,116021.17,169.90029240215677
sub-spaceloc1011,control,left,dorsal_visual_cortex,tool,71001,3.4504473,4974.0,17162.525,241.72230518760298
sub-spaceloc1011,control,left,dorsal_visual_cortex,space,71001,4.1299725,12961.0,53528.57,753.9129070365206
sub-spaceloc1011,control,left,ventral_visual_cortex,tool,52183,3.6830542,2998.0,11041.797,211.59758685778894
sub-spaceloc1011,control,left,ventral_visual_cortex,space,52183,3.7301652,5457.0,20355.512,390.0793691192534
sub-spaceloc1011,control,right,hemi,tool,677423,3.2177503,17796.0,57263.086,84.53076724218103
sub-spaceloc1011,control,right,hemi,space,677423,4.028253,46103.0,185714.56,274.14859327185525
sub-spaceloc1011,control,right,dorsal_visual_cortex,tool,70610,3.2500439,6315.0,20524.027,290.6674315783883
sub-spaceloc1011,control,right,dorsal_visual_cortex,space,70610,4.41263,17584.0,77591.69,1098.8767525846197
sub-spaceloc1011,control,right,ventral_visual_cortex,tool,50570,3.5420063,2776.0,9832.609,194.4356214158592
sub-spaceloc1011,control,right,ventral_visual_cortex,space,50570,3.7257802,6395.0,23826.365,471.15612486404984
sub-spaceloc1012,control,left,hemi,tool,659349,3.1813269,10174.0,32366.82,49.08905649739364
sub-spaceloc1012,control,left,hemi,space,659349,3.1822252,10836.0,34482.594,52.29793895190559
sub-spaceloc1012,control,left,dorsal_visual_cortex,tool,72196,3.222341,4400.0,14178.301,196.3862372049698
sub-spaceloc1012,control,left,dorsal_visual_cortex,space,72196,3.3365715,2605.0,8691.769,120.39127589738351
sub-spaceloc1012,control,left,ventral_visual_cortex,tool,49890,3.526594,1478.0,5212.3057,104.47596039411705
sub-spaceloc1012,control,left,ventral_visual_cortex,space,49890,2.999269,183.0,548.8662,11.001527579424735
sub-spaceloc1012,control,right,hemi,tool,645716,3.1200936,4921.0,15353.98,23.77822520852821
sub-spaceloc1012,control,right,hemi,space,645716,3.1875525,8458.0,26960.318,41.75259457621462
sub-spaceloc1012,control,right,dorsal_visual_cortex,tool,68052,3.2531207,1923.0,6255.751,91.92604150594399
sub-spaceloc1012,control,right,dorsal_visual_cortex,space,68052,3.363102,3737.0,12567.912,184.68101024767824
sub-spaceloc1012,control,right,ventral_visual_cortex,tool,46975,3.1189406,1238.0,3861.2485,82.19794646420969
sub-spaceloc1012,control,right,ventral_visual_cortex,space,46975,3.0321188,150.0,454.8178,9.6821247484533
sub-spaceloc2013,control,left,hemi,tool,628577,3.3071835,6362.0,21040.3,33.47290909665801
sub-spaceloc2013,control,left,hemi,space,628577,3.3548439,8454.0,28361.85,45.120724444857196
sub-spaceloc2013,control,left,dorsal_visual_cortex,tool,68640,3.2639608,249.0,812.72626,11.840417501809714
sub-spaceloc2013,control,left,dorsal_visual_cortex,space,68640,3.3333454,3277.0,10923.373,159.14005021671036
sub-spaceloc2013,control,left,ventral_visual_cortex,tool,48100,3.596051,570.0,2049.749,42.614324811590436
sub-spaceloc2013,control,left,ventral_visual_cortex,space,48100,3.4204144,813.0,2780.7969,57.81282484407485
sub-spaceloc2013,control,right,hemi,tool,642687,3.0623581,3902.0,11949.321,18.592753998544392
sub-spaceloc2013,control,right,hemi,space,642687,3.5733888,13701.0,48959.0,76.17860638226695
sub-spaceloc2013,control,right,dorsal_visual_cortex,tool,67334,2.9239738,491.0,1435.6711,21.321637546828125
sub-spaceloc2013,control,right,dorsal_visual_cortex,space,67334,3.5691028,6435.0,22967.176,341.0932928572489
sub-spaceloc2013,control,right,ventral_visual_cortex,tool,48084,2.9150953,321.0,935.7456,19.460643986955123
sub-spaceloc2013,control,right,ventral_visual_cortex,space,48084,3.924473,3154.0,12377.788,257.42009994878754
sub-spaceloc2014,control,left,hemi,tool,671040,2.9503198,898.0,2649.3872,3.94818074486059
sub-spaceloc2014,control,left,hemi,space,671040,3.1331105,7596.0,23799.107,35.46600414561725
sub-spaceloc2014,control,left,dorsal_visual_cortex,tool,71332,3.0080345,77.0,231.61865,3.2470511459618403
sub-spaceloc2014,control,left,dorsal_visual_cortex,space,71332,3.1777208,1425.0,4528.252,63.4813541345399
sub-spaceloc2014,control,left,ventral_visual_cortex,tool,50273,2.963663,368.0,1090.628,21.694111188069392
sub-spaceloc2014,control,left,ventral_visual_cortex,space,50273,3.240678,1096.0,3551.7832,70.64991552374038
sub-spaceloc2014,control,right,hemi,tool,690069,2.85843,403.0,1151.9473,1.6693218585750123
sub-spaceloc2014,control,right,hemi,space,690069,3.103627,5946.0,18454.166,26.742493889198037
sub-spaceloc2014,control,right,dorsal_visual_cortex,tool,73325,2.904816,28.0,81.33485,1.1092375928616711
sub-spaceloc2014,control,right,dorsal_visual_cortex,space,73325,3.1390362,1771.0,5559.233,75.81633699497102
sub-spaceloc2014,control,right,ventral_visual_cortex,tool,49440,2.878345,109.0,313.7396,6.3458655644389035
sub-spaceloc2014,control,right,ventral_visual_cortex,space,49440,2.9229486,235.0,686.89294,13.893465702587733
sub-spaceloc2015,control,left,hemi,tool,626880,3.3092651,14876.0,49228.63,78.52958924554939
sub-spaceloc2015,control,left,hemi,space,626880,3.6396053,20610.0,75012.266,119.65968865652118
sub-spaceloc2015,control,left,dorsal_visual_cortex,tool,65173,3.4602666,6783.0,23470.988,360.13361792843665
sub-spaceloc2015,control,left,dorsal_visual_cortex,space,65173,3.9410887,10714.0,42224.824,647.8883006574808
sub-spaceloc2015,control,left,ventral_visual_cortex,tool,47096,3.3694725,1471.0,4956.494,105.24235902465178
sub-spaceloc2015,control,left,ventral_visual_cortex,space,47096,3.5311337,4596.0,16229.09,344.59592839625446
sub-spaceloc2015,control,right,hemi,tool,619142,3.1006327,9828.0,30473.018,49.21813990671768
sub-spaceloc2015,control,right,hemi,space,619142,3.6826546,24397.0,89845.73,145.11328025315677
sub-spaceloc2015,control,right,dorsal_visual_cortex,tool,62167,3.1475327,3431.0,10799.185,173.7124932892451
sub-spaceloc2015,control,right,dorsal_visual_cortex,space,62167,3.9589515,10605.0,41984.68,675.3531566184632
sub-spaceloc2015,control,right,ventral_visual_cortex,tool,46700,3.241563,1292.0,4188.0996,89.68093381959315
sub-spaceloc2015,control,right,ventral_visual_cortex,space,46700,3.816981,4831.0,18439.836,394.8573005888651
sub-spaceloc2016,control,left,hemi,tool,692354,3.353226,2644.0,8865.93,12.805486337191669
sub-spaceloc2016,control,left,hemi,space,692354,3.6601133,19446.0,71174.56,102.80082515591735
sub-spaceloc2016,control,left,dorsal_visual_cortex,tool,77828,3.0482574,405.0,1234.5442,15.8624683848117
sub-spaceloc2016,control,left,dorsal_visual_cortex,space,77828,3.7689674,12277.0,46271.613,594.5368412557177
sub-spaceloc2016,control,left,ventral_visual_cortex,tool,51922,3.5453634,1044.0,3701.3594,71.28691835830669
sub-spaceloc2016,control,left,ventral_visual_cortex,space,51922,3.590623,3103.0,11141.703,214.5853997342167
sub-spaceloc2016,control,right,hemi,tool,680647,3.0018148,1140.0,3422.0688,5.027670507114922
sub-spaceloc2016,control,right,hemi,space,680647,4.1422915,25460.0,105462.74,154.94484246239242
sub-spaceloc2016,control,right,dorsal_visual_cortex,tool,69546,3.0782568,542.0,1668.4152,23.990095205084586
sub-spaceloc2016,control,right,dorsal_visual_cortex,space,69546,4.202375,13324.0,55992.445,805.1138140583212
sub-spaceloc2016,control,right,ventral_visual_cortex,tool,49836,3.050066,226.0,689.31494,13.831666694884222
sub-spaceloc2016,control,right,ventral_visual_cortex,space,49836,4.5010047,3997.0,17990.516,360.99437404687376
sub-spaceloc2017,control,left,hemi,tool,667912,3.3664432,5188.0,17465.107,26.14881514611955
sub-spaceloc2017,control,left,hemi,space,667912,3.155477,6363.0,20078.3,30.06129666969601
sub-spaceloc2017,control,left,dorsal_visual_cortex,tool,72453,3.319236,2698.0,8955.299,123.60149100968904
sub-spaceloc2017,control,left,dorsal_visual_cortex,space,72453,3.3820395,2980.0,10078.478,139.10366084306378
sub-spaceloc2017,control,left,ventral_visual_cortex,tool,50213,3.4806125,1365.0,4751.036,94.61765146102603
sub-spaceloc2017,control,left,ventral_visual_cortex,space,50213,3.0313303,633.0,1918.8322,38.213852056644946
sub-spaceloc2017,control,right,hemi,tool,665892,3.1871533,2681.0,8544.758,12.832047558012409
sub-spaceloc2017,control,right,hemi,space,665892,3.5453904,7295.0,25863.623,38.840567309526165
sub-spaceloc2017,control,right,dorsal_visual_cortex,tool,70516,3.1715174,1107.0,3510.8696,49.78826973887132
sub-spaceloc2017,control,right,dorsal_visual_cortex,space,70516,3.7983243,4187.0,15903.584,225.53156708229338
sub-spaceloc2017,control,right,ventral_visual_cortex,tool,49604,3.4102535,697.0,2376.9468,47.91844966824752
sub-spaceloc2017,control,right,ventral_visual_cortex,space,49604,3.467419,1454.0,5041.627,101.63750812686477
sub-spaceloc2018,control,left,hemi,tool,615270,3.4987109,20496.0,71709.58,116.54977184813171
sub-spaceloc2018,control,left,hemi,space,615270,3.1099048,1261.0,3921.5898,6.373770610870024
sub-spaceloc2018,control,left,dorsal_visual_cortex,tool,68247,3.7063954,8005.0,29669.695,434.73991988658844
sub-spaceloc2018,control,left,dorsal_visual_cortex,space,68247,3.168111,928.0,2940.007,43.07892039324988
sub-spaceloc2018,control,left,ventral_visual_cortex,tool,46882,3.5641656,2330.0,8304.506,177.13633930666353
sub-spaceloc2018,control,left,ventral_visual_cortex,space,46882,3.0791805,99.0,304.83887,6.502258162781025
sub-spaceloc2018,control,right,hemi,tool,599247,3.4441872,14427.0,49689.29,82.91954580081335
sub-spaceloc2018,control,right,hemi,space,599247,3.4606888,2104.0,7281.289,12.150730938160725
sub-spaceloc2018,control,right,dorsal_visual_cortex,tool,61220,3.5546637,5231.0,18594.445,303.7315470842862
sub-spaceloc2018,control,right,dorsal_visual_cortex,space,61220,3.5680513,1595.0,5691.042,92.9605029759474
sub-spaceloc2018,control,right,ventral_visual_cortex,tool,45115,3.3872213,1502.0,5087.6064,112.76973169261886
sub-spaceloc2018,control,right,ventral_visual_cortex,space,45115,2.8473208,86.0,244.86958,5.42767556533044
